family.id,income,kids,choice,cost.Freebirds,cost.MamasPizza,cost.CafeEccell,cost.LosNortenos,cost.WingsNmore,cost.Christophers,cost.MadCows,distance.Freebirds,distance.MamasPizza,distance.CafeEccell,distance.LosNortenos,distance.WingsNmore,distance.Christophers,distance.MadCows
1,39,1,Freebirds,3.2668166999999997,6.1944599,10.636710500000001,9.8617411,6.767536089999999,38.9366505,28.998459,1.2455529,2.8249304,4.2129297,4.1676345,6.3305306,10.198286,5.6013885
2,58,3,LosNortenos,3.16124382,5.7286181,9.17131137,10.785143,5.819763389999999,31.920153,25.875671,4.1626573,2.8650813,5.3377991,4.2828636,8.133914,8.6646309,9.1195974
3,30,3,Freebirds,2.76978924,5.992166,10.37468627,10.060501,6.13650828,35.4674865,24.721281,2.1125863,2.2153287,6.9787154,5.1178775,5.3129406,9.5512733,5.5398064
4,24,5,LosNortenos,2.98445094,6.2440848,10.986393210000001,10.148549,6.374107179999999,33.330130499999996,26.61075,2.401803,2.059263,4.9445357,4.7831163,5.8977513,7.5476875,7.3659701
5,35,0,Freebirds,2.80889226,6.3251743,9.8632833,10.043247,6.62822314,37.869123,23.208794,2.6698565,4.3122077,4.8165331,4.7301745,5.2964177,6.0850897,5.77845
6,56,3,LosNortenos,2.8247048400000003,5.9931169,10.58655039,9.9846888,5.731083749999999,42.7397235,28.455729,2.3568869,1.8340501,3.8492491,5.0953903,6.1183491,6.4698482,7.3120151
7,37,4,LosNortenos,2.9010938399999997,5.6873355,10.74478184,10.07168,5.8697338,37.08003,24.907757,1.7539382,4.0813069,5.6823831,5.9117937,6.3032622,6.8585219,9.3048868
8,55,2,MadCows,2.8506145199999997,6.0268273,11.51021131,10.040133,6.9121595199999994,40.1908095,27.918369,2.6151886,5.6610641,4.5493135,6.0712128,2.9550529,8.437088,6.4045873
9,56,4,LosNortenos,3.1725832199999995,6.0710421,10.12156223,9.3977985,6.49009984,35.9189895,27.196728,1.9608819,2.8816121,7.6629109,3.7072206,5.8047714,5.8624258,7.4850898
10,31,3,CafeEccell,3.0035962799999996,6.2035341,10.12293035,9.2183809,6.76265345,41.11611,24.377235,2.4172156,3.5422771,5.07651,6.4816952,4.8813748,5.0347672,3.7937465
11,27,1,CafeEccell,3.27123384,6.2829404,10.761751910000001,8.8396788,6.902862959999999,35.263587,26.917828,1.6065822,2.2988939,3.6890264,5.6373706,4.7913332,10.396622,5.5456524
12,63,3,MadCows,3.10381764,5.6427398,11.153641590000001,9.936882,5.95450009,35.1904185,22.693861,4.0176487,5.4268188,3.6885929,4.0687394,5.4144635,8.8945103,2.8445334
13,39,2,MamasPizza,3.1486870799999997,6.535502,10.309444860000001,9.9493313,6.344876159999999,39.0380835,26.123623,2.223717,4.6745853,4.6800513,5.4658136,5.1649957,8.3042908,7.5069551
14,47,3,CafeEccell,2.9188988399999998,6.007812,9.97808916,10.179615,6.08341559,36.634746,25.327623,1.9546113,3.6073058,2.535548,4.6044974,3.1650009,7.1671672,8.6654396
15,25,3,CafeEccell,3.09385386,5.8058181,11.31990678,10.656682,6.400894149999999,34.553784,27.469925,2.5180895,3.8580542,5.379271,2.2513092,5.165916,6.4569764,5.4071469
16,26,4,WingsNmore,3.1073496,6.1483941,10.15852682,10.592677,6.068832489999999,38.6281905,25.431683,2.4395039,3.2094667,4.7948642,5.0211501,5.8841114,5.8931656,5.7317939
17,10,1,LosNortenos,2.89212882,5.9256639,11.343582770000001,9.5594158,6.351446429999999,36.7888185,23.615961,4.0430975,1.809203,5.8373322,6.0855222,5.8379054,8.2374763,7.0947895
18,27,4,CafeEccell,3.3095354999999995,6.6237774,11.22144257,10.148917,6.253131079999999,32.727015,26.338915,1.7923999,2.4806385,4.0541978,6.8782368,4.4950414,5.1437616,5.9026604
19,78,2,Christophers,3.1931625599999998,5.773541,10.970489400000002,9.6465006,6.44218883,39.91608,25.895931,1.0677947,3.3965735,5.9416823,3.8843467,4.7675347,4.4968419,4.2380166
20,57,3,MadCows,3.0023812199999997,5.9571609,11.211837910000002,10.085771,6.78108914,42.809613,27.813078,3.7095265,2.9058189,4.1691656,3.5285125,3.7819641,9.5142965,2.33196
21,29,0,WingsNmore,2.9095421999999997,5.7591019,10.23337029,10.05694,6.12792131,38.1745605,27.144985,2.9575298,1.2671204,4.8509288,7.2834034,1.7942717,7.408453,7.40977
22,42,2,WingsNmore,3.03650436,6.0002565,10.41748461,10.459058,6.214072829999999,46.146564,26.16848,3.1680043,4.0884399,9.098752,4.1858993,3.7411921,12.59985,6.073266
23,10,3,CafeEccell,3.04933548,5.9491658,9.494760340000001,9.1204996,6.545352729999999,33.563733,26.776804,2.715482,3.6112399,7.1890173,1.63477,5.8752136,9.6737328,6.85813
24,48,4,LosNortenos,3.0040217399999998,6.0184216,10.35314631,10.417503,6.76673501,36.1957905,24.763708,1.9418987,2.5535362,4.8055253,5.6134033,6.1753631,7.0403185,9.3074141
25,56,4,WingsNmore,3.10486992,5.7113905,9.91902002,10.005348,6.04746954,40.232274,27.671137,1.2564282,3.5713034,6.1080685,4.1071692,4.8673468,9.2902441,6.3721108
26,10,4,WingsNmore,2.9251545,5.8347392,11.60510754,10.952716,6.26664612,36.339672,28.281847,3.2691627,2.5961068,5.3957362,5.3547897,3.5502429,3.4340279,8.6438866
27,43,2,LosNortenos,3.14820468,6.4438853,10.9097937,10.304872,6.4919416100000005,38.146662,26.51317,4.0044894,3.3786497,5.372983,7.3485885,4.4669862,6.3072004,5.5453496
28,20,5,CafeEccell,3.20451936,6.0528054,10.20911281,9.8290863,6.301490719999999,37.667862,29.551905,4.6707344,1.9767845,5.8906937,6.2248268,2.7597373,6.7044296,4.3246441
29,58,4,CafeEccell,3.1168642199999996,6.4518766,10.084250540000001,10.17679,6.41185902,35.371078499999996,29.719759,4.3025303,3.2006929,3.4141963,5.9694176,3.9902475,6.7001295,6.8919148
30,41,3,WingsNmore,2.97803736,6.0045977,9.843370029999999,9.9972286,6.79122283,36.918054,29.712852,1.7349391,4.2070699,4.7149644,5.5331841,7.133533,6.2734814,7.1557879
31,84,6,LosNortenos,2.92581966,5.7185235,9.46917075,9.4891253,5.970051219999999,32.321763,24.29941,3.3475084,0.78100151,8.165988,6.1705117,5.3177972,3.8428471,11.110242
32,45,2,MadCows,3.0159708,6.1614733,10.74037939,10.137823,6.380535909999999,34.146620999999996,27.534241,3.2860305,3.6922843,4.674109,4.9432368,6.9982738,7.9066329,5.9463964
33,10,1,LosNortenos,2.66224938,5.8815227,9.84504807,9.6164122,6.86417914,39.560050499999996,23.813822,3.4028602,2.093838,7.4824157,5.4927478,5.1386423,7.621079,9.0210733
34,40,2,LosNortenos,3.0606625800000002,5.2264032,10.12007763,9.7853193,6.039771780000001,36.3202515,26.371729,5.4790416,1.9023411,3.7917948,5.9238033,6.9364562,6.6211462,4.9867616
35,37,4,MamasPizza,2.7766447800000003,6.0467758,9.30772089,11.121006,6.272959349999999,39.975366,28.53097,1.7269285,4.2892275,5.0170727,6.2198715,6.2978988,8.7762966,7.2427526
36,46,4,CafeEccell,2.81860398,6.2665968,9.65796884,9.5775433,6.23136493,40.943868,29.132107,4.5708642,2.3642209,7.0904322,4.8514857,4.8346658,6.4843969,9.6377821
37,70,2,WingsNmore,3.16753404,5.6808209,11.01717812,10.330375,6.153410549999999,40.8392025,28.552099,2.2587175,2.2742488,4.431726,4.5266628,6.1927824,5.5465689,5.2547908
38,36,1,WingsNmore,2.8566819,6.1861005,10.03661529,9.3354883,5.66994288,37.870665,31.21171,2.0058527,4.1262045,4.5114889,5.1576061,4.3732905,2.9612508,10.374944
39,39,2,CafeEccell,2.8730852999999996,6.0484028,11.25512102,8.8897333,6.9502699,37.024566,25.746346,3.464931,4.2546592,4.6805062,6.5262527,4.3580194,7.6922336,9.1596527
40,56,4,LosNortenos,3.22749252,6.1138806,9.462692330000001,9.6162596,6.12618426,38.589732,26.809776,4.9719539,4.4211397,4.4781432,4.7322607,5.9385352,6.035429,8.2337675
41,74,1,Christophers,2.69247294,6.4615822,9.70923239,9.5741663,6.89798564,39.9719295,32.146526,1.550118,3.4500027,3.8403363,5.0305166,2.7046466,6.3111677,9.7013502
42,17,2,Freebirds,2.96496618,5.9057045,10.77437166,9.8056755,6.519972339999999,40.644349500000004,26.591446,1.7729155,3.0337305,5.083724,5.155436,6.3100953,10.095753,7.2649632
43,30,3,CafeEccell,2.97071886,6.6556702,9.69175844,11.079669,6.515596359999999,41.548785,30.522251,4.1975083,3.2466271,5.2684398,5.2913141,6.4568357,7.1528072,5.0089998
44,37,1,CafeEccell,3.0345769199999997,5.4415545,10.329449910000001,11.279491,5.90766862,32.698434,26.070164,3.2844272,2.3084092,3.9002683,5.9454184,2.7063205,6.4177547,6.5335026
45,36,1,LosNortenos,3.62389812,5.8230877,10.994546029999999,9.6055937,6.13262167,38.136185999999995,32.210083,2.8717985,3.8245456,5.5416622,4.9110532,4.4640784,9.3873043,9.9355898
46,40,2,Freebirds,2.94784896,5.6870909,11.356430670000002,9.4989853,6.22540086,36.5467785,23.580292,1.9080788,2.7201021,5.0848494,3.219836,2.9704037,6.6276383,7.0099254
47,36,2,CafeEccell,3.09181626,6.4690714,9.66876183,10.618558,6.5186725800000005,39.736369499999995,29.531549,2.369802,4.0319085,3.9886522,3.892709,5.7978325,7.921298,7.9114609
48,10,4,CafeEccell,2.88889962,5.6948247,10.33258473,9.0281286,5.869619,39.805953,22.271797,3.0486104,2.2430458,2.0713861,5.34338,3.0573103,6.2161436,8.1207342
49,75,3,MamasPizza,3.2023853399999997,5.5454822,10.24977252,10.338104,6.524737449999999,37.0527795,25.309813,2.8502264,3.362514,4.4090295,5.8215227,5.4698644,6.4847603,5.268611
50,35,1,WingsNmore,2.82416838,6.5083852,9.54061966,10.67757,6.705337729999999,36.906129,25.63987,3.4897954,3.2591441,5.4909391,4.9866824,3.5846646,5.309185,11.630073
51,10,3,LosNortenos,2.93713248,6.0916114,10.04697915,10.797503,6.38123549,35.719677,25.106297,3.6006887,2.0134335,6.7152591,4.9893875,5.498467,10.429462,5.187932
52,41,2,WingsNmore,2.86888134,6.1681929,10.939578000000001,10.637304,5.63134453,39.2200665,28.733496,0.35294768,3.1559696,4.7239127,4.5240688,6.16537,4.2920651,9.135745
53,47,4,CafeEccell,3.31334496,6.5034451,9.27245293,10.283688,5.78923996,35.6610435,27.916883,2.7493801,3.2062087,5.0074468,4.9292917,5.8314476,5.6597409,6.6192055
54,29,5,WingsNmore,2.8855668,6.2218423,10.56235492,10.596526,5.802654829999999,39.2759055,21.385769,3.7570648,1.8521682,5.1048231,7.2373562,3.5304391,3.7172649,7.0507827
55,63,4,MadCows,2.9908381200000003,5.7924447,9.779014440000001,10.194565,6.40830085,38.49501,26.52392,2.5765359,3.1451406,5.4945889,5.832427,5.5429149,8.3737888,7.8903775
56,47,1,LosNortenos,3.1958453399999995,5.931963,10.41478685,9.9305363,6.4928208099999996,37.516731,26.493862,1.5013958,4.5665665,3.9130011,3.9533114,7.8367829,8.0292482,8.651391
57,46,4,Christophers,2.9491481999999998,5.7212157,10.15763788,9.5176105,6.111948989999999,37.042356,30.982925,2.713146,2.3796403,3.5428469,3.4844058,6.5333495,7.3209682,6.6652236
58,39,4,LosNortenos,2.70853356,5.6420779,9.6789199,9.8376217,6.12174892,40.792502999999996,27.671083,2.1580215,3.0388551,3.3154476,3.1830223,3.9363976,4.6337552,8.0937119
59,35,3,Christophers,3.01763706,5.4489202,10.311485470000001,9.2835121,6.455187829999999,36.59598,28.254103,2.9836237,2.7949281,4.5909944,4.8952975,6.6981339,5.1833162,5.579864
60,15,2,WingsNmore,3.09094422,6.0614967,10.552408230000001,10.226451,6.79655207,34.5485775,26.789822,3.2308862,3.413137,3.2535367,5.885778,4.3908539,8.3006401,7.1991401
61,44,4,WingsNmore,2.8109021399999996,5.5123539,9.68765473,9.6697893,6.88889264,32.0443035,28.608864,1.4638051,3.4585443,5.7942624,4.5972009,5.3544636,9.5117588,9.2528801
62,57,3,LosNortenos,2.9827288800000002,5.5461116,10.15444742,8.87533,6.0645487,37.848387,29.467916,2.90784,3.7158399,5.2044725,7.8621802,6.0545139,8.3807383,7.6656713
63,54,4,LosNortenos,3.4025164799999996,6.0489531,10.50728536,10.713599,6.497417079999999,36.007529999999996,27.82691,5.0881367,3.5759606,2.8724749,5.6652827,4.8453531,7.0477271,5.6196017
64,29,4,WingsNmore,2.95939434,6.3457775,10.683241790000002,9.4277058,6.20493573,35.7089025,26.8116,2.3052695,2.3500879,3.7232413,4.7970519,5.0966773,8.2205143,5.8719311
65,21,2,LosNortenos,2.93604384,5.8446889,10.82603067,10.621191,6.093626139999999,36.550650000000005,22.527048,2.3217618,3.1350415,3.8259604,4.3444486,4.3622661,8.464674,2.5883281
66,24,1,LosNortenos,2.94350736,5.5009885,11.96255619,9.9945736,5.4635903699999995,36.945336,26.633232,5.0131178,3.2338603,5.5800977,3.9452562,7.2551665,10.228372,3.2974169
67,41,2,CafeEccell,2.8474802999999995,5.8089595,10.297609920000001,9.66681,5.81703703,40.70937,25.601391,1.0134143,3.1605074,4.8012018,4.2398596,4.0738182,5.4746194,7.8058515
68,64,2,CafeEccell,2.7319496400000003,6.0496268,10.13411438,10.517365,6.102939429999999,36.229903500000006,30.161516,0.15380919,3.7714148,6.5965686,3.102283,5.9177647,10.527118,5.850522
69,25,2,CafeEccell,2.89193316,5.798357,10.86533526,10.549261,6.074054909999999,39.99951,27.56711,2.5716188,1.5648423,5.0830913,2.317965,5.261446,5.8001394,6.050909
70,60,3,Christophers,2.9745823799999997,5.5354438,9.76669044,10.213255,6.42559764,36.4839765,25.427198,2.2538908,4.000742,3.8402123,6.7782302,3.103852,7.3355565,6.4318972
71,45,4,Christophers,3.12076548,6.0166974,9.705090329999999,10.829654,7.167319599999999,35.1998955,29.746887,3.7170236,2.454634,7.2374282,6.0999165,7.732214,5.7321672,2.8791797
72,39,2,LosNortenos,2.71484928,5.8052597,9.9154705,10.172791,6.101849949999999,32.2125465,25.810806,1.8495306,3.1081038,3.5587962,4.4649029,4.4607191,7.6874113,10.907367
73,16,5,LosNortenos,3.27824106,5.7365966,9.68430359,9.3869219,6.91129502,36.053467499999996,27.902218,1.3910784,3.3073871,5.6986408,3.526897,5.1458879,5.4916453,5.102119
74,86,1,MadCows,2.9134557599999997,6.0916686,9.92822038,10.119133,6.68880933,35.945082,25.235456,5.7602887,3.352452,4.7873487,3.0749276,5.7392254,6.1140227,7.4754643
75,87,3,MadCows,2.99334414,5.6155853,10.42936908,9.5163584,6.36549081,36.147909,26.910135,2.8465612,3.6569097,4.1944685,4.7318897,3.4887321,8.4577436,10.076003
76,50,3,CafeEccell,2.7176325,6.1503048,10.84854121,10.219864,5.799040590000001,35.9863125,28.954268,2.7410972,3.219686,5.5562735,2.5524795,4.049572,9.045104,5.2860947
77,17,7,WingsNmore,2.9604129,6.1318607,10.8953143,10.163723,6.53380973,36.072999,27.848322,2.9694204,1.2873411,6.8463988,6.3323469,5.0076418,6.6039538,-0.97635353
78,45,1,LosNortenos,3.08062164,6.063684,10.24820914,10.084904,5.85629758,36.4580205,27.464325,3.0262856,2.9975619,5.1158662,4.7990985,7.2623034,4.5840392,7.4387879
79,75,5,LosNortenos,3.30580074,5.6498647,11.114328290000001,9.8559132,6.436267459999999,34.204393499999995,22.615576,3.9421544,5.0798163,6.8178282,5.7631598,3.8995645,2.6126781,6.0993943
80,57,5,LosNortenos,3.0604216799999997,5.8249922,10.82607773,9.4053268,6.1263552,36.4327785,29.045435,3.1003249,1.7335204,4.5832691,3.0325432,6.0276546,7.3548532,5.7903476
81,59,4,Christophers,3.34951944,5.8022985,9.50899118,10.103449,6.760208769999999,35.4513495,25.145409,5.0904865,2.6010458,4.653255,3.0962868,6.5898886,7.4505796,7.8989635
82,85,2,MadCows,3.03954762,6.4467134,10.46396871,10.108071,6.414161459999999,42.133821,24.114532,3.292676,1.3789057,3.1146395,5.8398986,5.4592261,8.2156172,7.8549962
83,33,0,Christophers,3.16543092,6.1980596,11.391660150000002,9.5295429,5.686987319999999,36.236641500000005,23.960144,3.2151074,1.9338782,5.1188159,5.1608958,4.7704287,4.3483214,8.42027
84,75,2,Christophers,2.8270014,6.1944489,10.25101792,9.8694096,5.91069801,40.817496,28.400211,2.4039598,2.2722306,4.8193264,4.5823803,5.3717823,5.3056293,5.3690953
85,60,6,LosNortenos,3.192873,5.7608628,10.786862320000001,9.9789715,6.2142143,41.886495000000004,28.080223,2.3088238,2.2393754,5.3745584,6.7872314,2.7533023,8.0291128,4.506412
86,38,3,LosNortenos,3.08075898,6.1147604,9.48855648,10.042709,6.2728918700000005,37.2811425,24.42141,2.4515514,3.5794709,5.5298672,4.860405,4.2904835,6.5341096,7.0013304
87,13,3,WingsNmore,2.9593926600000002,6.1902184,10.29070744,10.089605,6.472534669999999,41.119242,24.955847,3.7571886,4.2860394,6.8937621,3.8783352,5.0270686,3.6908002,4.3132882
88,35,3,CafeEccell,3.03523866,6.1358089,10.05787068,9.2113667,6.182881809999999,37.534227,27.312244,2.3611083,1.9448856,3.8296304,4.1467919,7.6037278,5.5465436,9.6786442
89,50,3,WingsNmore,3.05506266,5.7157726,10.56839511,8.7237606,5.98910102,34.5249795,24.287848,2.258574,2.6878781,6.0748668,5.4888792,3.7066031,6.2018743,6.2494893
90,46,3,WingsNmore,3.39151242,5.6232018,10.77693552,9.8421106,6.9888609,33.720237,25.310616,2.1727402,2.4457829,6.096621,5.2398615,3.3186283,7.637094,4.7955537
91,17,4,CafeEccell,3.0468816,5.9227862,10.308009140000001,9.4836311,6.7549402899999995,35.580174,27.286209,3.1959302,3.9020822,5.4311099,5.051023,4.950006,8.2820129,4.7166367
92,71,2,CafeEccell,2.91451008,6.4258676,10.16822248,10.145231,6.55093964,38.137968,27.552946,2.2672791,3.2552402,5.3723178,5.8941069,6.2054129,7.1874642,7.3044305
93,51,4,MamasPizza,2.89896498,6.0741739,10.560117100000001,10.101479,6.406113909999999,34.075767,24.418457,2.3405452,3.6427729,6.3715782,2.9201515,6.4557462,7.0230055,6.5983558
94,38,3,Freebirds,2.94988146,5.5706558,10.22067124,9.9562321,5.795148659999999,41.3172225,28.300657,1.9885976,1.7715936,6.236166,6.2907171,2.7108872,4.5559998,6.5124178
95,10,5,LosNortenos,3.0207295199999997,6.0802279,11.362703950000002,10.680542,6.456285289999999,35.781303,30.200115,4.2111421,2.2355335,6.2075043,5.4218683,4.1016283,7.823947,5.1529298
96,59,4,Christophers,3.1042774200000003,5.7501197,10.8144127,9.9337015,6.303226369999999,32.406261,25.535837,2.2226899,1.9179237,3.9819608,5.9918752,4.6641064,5.6069331,3.3268478
97,43,4,MadCows,2.9785300199999996,6.1622109,10.29473055,8.9563894,6.4657133799999995,30.713928,25.262703,3.0413783,3.2617247,5.9120574,4.656991,3.8197873,3.9065652,7.7659912
98,15,4,WingsNmore,2.96567376,6.3059297,10.87867521,11.066496,6.470905139999999,41.789634,27.78511,2.4899557,1.6333379,3.142576,6.9558058,6.061976,7.8709717,8.0303459
99,18,1,LosNortenos,2.8383627600000003,6.5068846,10.13164165,10.050027,6.31528604,37.6718985,24.258839,4.8528399,2.9200504,5.7473421,5.7020988,5.3138032,2.1112895,6.2793651
100,10,2,WingsNmore,2.6090853,6.2938747,11.19392066,9.544158,6.40553109,38.763708,24.945267,1.2517499,3.4843214,4.611587,6.0883493,3.7779796,5.6912069,7.2384338
101,12,1,LosNortenos,2.73253356,6.0399866,10.834738849999999,9.6253462,6.14991314,37.905252000000004,25.91666,2.0583799,2.392406,3.8555331,3.6307106,4.566278,6.2584524,7.1015482
102,11,0,Christophers,3.01964436,5.7319975,9.791875990000001,10.169326,6.2864843299999995,36.8063535,25.478224,2.4455011,3.90925,5.8418608,6.4094543,6.6393337,6.3149514,7.3013759
103,41,2,Christophers,3.3020127,6.256145,10.25726143,10.001028,6.901191359999999,37.4139375,27.822287,3.7052824,1.4120075,5.3719101,7.2108278,4.5889001,8.003623,4.9702988
104,45,1,MamasPizza,2.93694792,6.115695,10.761510240000002,10.434308,6.26021004,45.313717499999996,31.722107,2.5436499,0.84199721,4.8273058,4.8563061,4.1595988,9.6094456,4.5345244
105,50,1,CafeEccell,2.9642484,5.9978514,10.60985952,9.7860794,6.14066789,39.7172445,27.581043,2.7321353,3.203629,4.8937211,6.1699381,2.7880595,9.1891556,6.7181787
106,34,1,Christophers,2.7872886599999998,5.9923038,10.570228759999999,9.7730703,6.112930949999999,36.730308,28.269659,1.6869467,2.6122341,5.2598186,5.8812199,6.3876209,6.3264055,6.2286921
107,16,2,LosNortenos,2.9565862800000002,6.2157488,10.39034646,10.05181,6.3404074999999995,33.4430265,29.808891,5.017561,3.8598495,5.7854819,6.1937008,3.253309,7.2466598,5.3776464
108,54,0,WingsNmore,3.47419824,6.3500233,10.48441641,10.042041,6.471411799999999,36.152781,26.442989,2.7116654,3.0382562,4.8440008,3.9236512,5.2321653,5.9113617,6.5693507
109,48,3,LosNortenos,2.9947311599999997,5.1911488,10.662329340000001,10.319646,5.9054902899999995,34.711695,29.286438,3.4591994,2.7992949,5.5440927,4.6429462,5.6351728,3.24227,12.668318
110,41,5,MamasPizza,2.9720411999999996,5.6677122,10.32669573,10.179423,6.40437553,36.1929195,28.403795,1.5089117,3.5548077,3.9121399,5.6449308,2.9222679,6.4737244,8.5870676
111,53,2,WingsNmore,3.08006316,5.9086409,10.34710677,10.618371,7.000973,34.859890500000006,25.468807,1.3224896,4.002955,4.5045066,5.4188466,5.3695984,7.3426909,6.7061729
112,24,7,CafeEccell,3.34071408,5.9673486,10.44236934,10.096573,7.4945514,37.238394,26.75227,2.2448812,2.6346149,3.3393071,5.0798807,4.3685799,7.0315599,7.0616775
113,49,3,LosNortenos,2.88693468,6.4734073,10.677636840000002,10.402358,6.629118999999999,35.088006,29.118107,4.2505269,2.2133219,5.3484049,2.3239605,5.7347851,7.4894156,6.6002688
114,69,0,Christophers,2.9039545799999997,5.9941878,10.855076180000001,9.5263386,6.10837479,35.3294505,28.737967,3.8494365,2.8874567,4.8137126,5.6703868,5.5430832,4.9145494,7.1131573
115,35,1,CafeEccell,3.2099994,6.1595955,9.551609730000001,10.415641,6.3878604999999995,39.3647775,29.880175,2.8907886,3.2865808,5.1392317,2.5567527,2.9182129,9.5839128,5.0620737
116,50,2,WingsNmore,2.9797319399999997,5.7462082,10.57866914,11.089846,6.184392549999999,33.264378,26.762299,3.1874526,2.66539,6.8267174,5.5941834,7.7375937,9.1567039,9.8382111
117,10,3,MamasPizza,2.72816418,6.2074924,11.189180990000002,9.7822351,6.08803657,35.3367975,26.628735,2.6094398,2.1974146,6.2394824,6.0953979,4.2813764,7.766933,8.7783422
118,17,2,LosNortenos,2.50718196,6.1764832,10.58264766,9.9654198,6.78413589,38.867611499999995,28.947765,1.0971861,3.7597065,4.7416148,2.4190319,7.4483094,7.9087682,4.4372759
119,54,2,WingsNmore,3.0564171,6.2528825,11.07273258,10.355256,6.50100724,35.316289499999996,32.703564,3.1614764,1.8004992,6.442327,2.784497,4.7921681,6.3211107,3.6939507
120,54,1,Christophers,3.2140720199999997,6.1845603,10.653731400000002,9.6132622,6.703672149999999,35.5873425,28.312016,1.7872077,3.8900321,5.6554823,5.2353463,5.5927382,7.2969723,6.7613463
121,22,2,MadCows,2.94006702,6.2010927,10.05881721,10.638568,6.27090989,38.9264895,26.248449,4.3959661,1.9823778,5.397316,4.4780016,4.3272948,7.9811125,8.3169546
122,21,3,LosNortenos,3.0874506,6.0737753,9.51638454,10.662843,6.567146949999999,39.9920775,27.449474,1.0757002,3.8548872,3.4769397,6.0494432,4.1166186,8.5960054,5.1185884
123,57,4,WingsNmore,2.9297313000000003,6.2568192,8.92025966,9.7406387,5.244121679999999,42.551826,32.366478,1.8443353,3.3655007,4.8998404,6.0579977,4.8684497,6.5669088,7.1145039
124,45,0,MadCows,2.9701034399999995,6.032887,10.286605680000001,9.8493853,6.525537899999999,38.646261,25.291441,4.0095978,1.5865237,6.0881033,5.0185399,5.2570877,5.6144195,0.34381071
125,45,4,CafeEccell,3.09598476,5.9498286,10.36449219,10.490372,6.20671618,36.2504025,26.648979,2.7988627,3.6275957,3.8961713,5.6539025,2.8102417,8.7309332,7.4418297
126,39,2,LosNortenos,2.90981886,6.5213966,10.05795063,9.0686359,5.8891728699999994,32.239059,25.273315,2.1503696,0.99753153,2.3564939,6.5785708,6.1250033,6.920464,9.2355547
127,28,3,CafeEccell,2.7397092599999997,5.4569688,10.84776641,9.4385929,6.76382168,42.2773425,25.918907,3.7209413,1.1497505,3.1505759,5.5568686,6.9283977,9.0690517,8.7147074
128,11,3,Freebirds,3.1095253799999996,5.2454576,10.581536810000001,10.040445,6.73577765,41.305782,30.174492,1.9924501,4.4502511,6.1075382,3.3717058,6.7566013,9.8360624,5.824924
129,54,3,WingsNmore,2.99166414,5.6602588,10.679019130000002,9.8272953,6.634173839999999,35.295421499999996,22.66363,3.5498915,3.0473542,3.4157956,3.2482162,5.4059839,6.1585851,5.1338515
130,10,3,LosNortenos,2.97742398,6.2050495,9.86892738,9.671586,5.70683022,34.3321035,27.039848,2.3511519,2.8208344,4.9741774,5.4020448,3.8533161,7.5556068,4.5052309
131,26,3,LosNortenos,2.62185804,5.4806113,10.84098353,9.6514091,6.43063981,38.899457999999996,26.08156,3.6427262,1.7049956,4.8367696,4.0830798,6.8781056,9.1716118,8.5405874
132,45,1,LosNortenos,3.00843228,6.2442641,11.226743840000001,10.020185,6.39523381,37.9818225,27.586338,4.099678,3.9442356,5.6546822,4.1558509,7.0791621,4.7482791,6.8111353
133,17,4,WingsNmore,2.97623034,6.0944405,10.62684935,10.615253,6.01182253,40.330419,27.255976,5.1373682,1.6776249,3.88379,8.1501865,5.4866843,7.406014,8.7853518
134,34,5,LosNortenos,2.8869835800000003,5.9106231,9.746487660000001,9.4521141,6.309325329999999,40.8755865,26.847452,4.1421528,4.4100561,5.6905403,3.6826077,4.5384693,8.437932,4.3605833
135,65,4,WingsNmore,2.93214456,5.9938774,10.92573963,9.9362354,6.55894316,34.723866,24.109219,4.802783,3.8779163,3.1546447,4.679554,3.8012199,9.9950657,10.071555
136,54,4,WingsNmore,3.0030624599999998,5.9473982,10.485645040000001,10.085199,6.45982274,40.896057,27.365219,2.2099607,3.623354,4.9448323,4.7430921,4.2322316,5.1822948,5.5812912
137,38,1,WingsNmore,2.5074256800000003,5.817543,10.64220768,9.5807028,5.819050439999999,31.1844465,27.709536,2.6957114,4.2373405,5.8963976,5.598043,5.0703301,5.804697,6.8018842
138,27,2,CafeEccell,2.87491578,6.2883711,10.07163274,10.22414,6.764794329999999,35.511432,25.697296,5.1848655,2.1110375,2.861424,4.8152795,6.1895647,7.3252435,7.7383804
139,37,2,CafeEccell,2.7909528,6.0268621,10.14889187,9.6547947,6.061834309999999,44.045188499999995,27.31353,3.5595586,1.9061946,4.3178067,4.2377172,1.7117535,8.0426407,6.5595202
140,34,2,MamasPizza,2.89732674,6.1053176,11.092603730000002,11.086432,6.352559919999999,40.0698315,27.209719,2.829983,1.3822354,2.8734305,4.6864944,3.3526337,8.5044518,8.1165056
141,77,1,CafeEccell,2.90259078,6.1263051,10.97657925,10.614706,6.235722149999999,31.843550999999998,28.368563,3.6720865,2.4491947,7.694283,2.6910369,4.8419065,9.3856764,9.4598808
142,17,3,CafeEccell,2.8236161999999996,5.2728615,10.862161440000001,10.425898,6.74189397,40.868520000000004,24.89736,2.9725053,1.8437315,3.7510054,4.0176435,7.7010698,6.8285074,8.8019924
143,10,0,CafeEccell,3.01969326,6.2661576,9.82018128,10.128849,6.27472104,32.9556195,23.809471,3.4511411,4.7287192,5.3627381,4.9633269,4.5915294,4.1615691,6.3121786
144,10,3,CafeEccell,2.87130288,5.8190975,11.346713300000001,9.8011293,6.83980542,37.3452705,29.471169,6.9776745,1.4481148,2.841836,5.1285892,3.4568806,4.3799186,5.4324656
145,58,1,Christophers,2.7506538600000003,5.6086125,9.79731233,10.51807,6.7918997999999995,37.792134000000004,26.335276,4.1126938,3.4267683,4.0174656,6.265347,4.0890636,8.240756,8.4974813
146,14,2,CafeEccell,2.99533998,5.8765388,10.776701130000001,10.6917,6.5102872099999995,35.2492755,23.033886,1.7889891,3.4845152,4.1531944,4.9519539,5.2099824,6.1633749,7.5347776
147,81,2,MadCows,3.30279348,5.555048,9.34050182,9.7152061,6.723525059999999,33.651543000000004,26.299564,3.8594818,3.2446947,5.3124938,5.008615,3.9853356,4.4525986,6.446465
148,17,4,LosNortenos,3.0834998399999995,6.3378367,10.51091782,10.103406,6.40255644,41.505558,27.337833,2.9886346,3.2940021,4.1647315,4.4321103,4.9344316,7.3646317,7.774509
149,10,2,WingsNmore,3.19394418,5.9431891,10.332769330000001,10.093419,6.97814439,41.751234,27.439981,3.9566379,4.0374212,6.2465596,2.509804,3.5622575,7.9898334,7.3494868
150,10,2,LosNortenos,3.15239784,6.0776572,10.741453060000001,9.8177004,5.89866508,39.1885785,27.451357,1.9618495,2.3980916,5.2999129,4.7884412,6.9898195,7.3485794,6.7563972
151,48,3,CafeEccell,3.09348936,6.0847306,10.4767533,10.335176,6.495842290000001,32.062677,24.875771,2.413837,2.2697678,3.400326,2.9961004,4.0586185,5.9955869,8.7111187
152,39,4,CafeEccell,3.05231064,6.2943144,9.50797887,9.9589319,6.721473569999999,32.634633,29.340742,5.183105,4.6993351,5.6718578,5.3799963,6.5012512,8.142314,8.9280558
153,35,0,Christophers,2.7390655799999997,6.2815409,10.10101976,9.8976631,6.683227039999999,33.925543499999996,28.260862,4.6510816,3.0820501,5.9730067,4.4044647,4.893436,7.3657398,3.1951795
154,10,4,MamasPizza,3.1507167000000003,5.7725849,8.9697738,9.4323721,6.337606309999999,33.240804,24.193378,2.5242712,1.5154554,3.8409708,7.4339266,3.311914,8.1871119,9.1867132
155,126,2,MadCows,3.1018532999999997,5.7587366,10.51176711,9.4698229,6.73231965,36.182244,32.183208,5.1579175,2.6596508,4.214622,2.1227729,3.7975745,7.827692,5.9296527
156,31,1,WingsNmore,3.0152295,5.8620095,10.24552386,9.9085064,6.49666339,39.6971625,25.268438,1.5066193,1.0358397,4.9900446,6.1147633,4.2699995,6.0490203,6.1745853
157,41,1,WingsNmore,3.0098859599999996,6.0333333,9.21614291,10.390539,6.41109665,38.267844,27.532948,1.5870796,2.8632519,2.6609743,4.8231192,4.9422822,4.3149996,5.9877558
158,65,3,CafeEccell,3.25579746,5.7270212,10.3754456,10.46932,5.790513679999999,35.4721275,25.826735,4.585794,3.0324972,4.8893943,2.3067293,6.4461513,7.5263548,5.468792
159,50,3,CafeEccell,2.7934330199999997,5.8133922,9.39260959,9.9962273,6.47583181,39.0487665,27.19165,3.3835821,2.387069,6.0984235,7.2540727,6.5001569,5.9381614,8.5935783
160,46,3,CafeEccell,3.00457392,5.8246999,9.91687957,10.250787,6.459709269999999,35.562056999999996,25.67222,3.0129094,3.6367455,5.2975588,6.845396,4.3905783,3.1550381,6.051939
161,42,1,CafeEccell,3.0145099799999997,6.2011752,10.653586449999999,10.279189,6.5864064,34.1948115,27.120142,4.6957293,2.4031947,4.4709282,4.4070239,4.3629112,6.1812491,10.218747
162,23,3,WingsNmore,3.2665217399999995,6.177824,11.70925002,9.5099573,6.1315368800000005,36.995590500000006,27.145697,3.0818815,2.6057787,7.4265356,3.4975853,3.7836771,8.9126511,6.1833053
163,16,4,CafeEccell,3.2203110600000002,6.2585735,10.585905720000001,8.6707783,6.55355589,43.38396,30.614283,2.0658996,4.4293494,6.1366177,5.205586,5.2377443,5.252296,5.4669366
164,25,5,CafeEccell,3.3291226199999997,5.8903313,9.95452848,10.081188,6.2361200299999995,40.241412000000004,26.163088,3.0767815,3.0034823,5.3723426,7.2054329,5.3917303,3.8635302,8.4151096
165,40,1,LosNortenos,2.79452706,5.6756353,9.49837551,9.2703438,6.34786425,43.178184,26.571396,3.4103971,2.2208543,5.0251269,6.798512,5.1403255,7.2755933,6.9755998
166,47,2,LosNortenos,3.10633506,6.1036506,10.52844702,9.9417858,6.262072529999999,48.19614,25.56951,3.1032343,3.5888271,6.610405,4.9888921,5.7178574,8.0981312,6.935782
167,10,4,LosNortenos,2.8470237,6.4956737,10.26838592,10.363362,6.61882837,34.554792,25.724771,3.890712,1.6920428,5.4765348,5.6903343,6.3512044,7.1376796,4.7622781
168,12,4,WingsNmore,3.1180712400000004,6.1597605,10.18450264,9.5836782,6.1010434799999995,35.665341,27.871838,3.8283863,2.5447056,5.267221,5.2077446,7.1319313,7.2992468,5.9651661
169,76,2,MadCows,3.0567958799999997,5.5595069,10.4805285,9.5254269,6.61206189,37.5366465,27.66783,3.630033,2.4821424,4.4872355,5.970983,4.1907811,7.2175055,7.6428466
170,89,3,LosNortenos,3.23714016,6.1549988,11.964986150000001,10.388233,6.956517679999999,39.316998,23.187452,4.8470302,4.1216865,4.9965014,5.923192,6.0544763,5.0622621,6.700417
171,55,3,WingsNmore,2.90475282,6.3874116,10.70049955,9.645978,6.90198642,37.245663,25.093697,2.7639475,2.8226569,5.0585437,2.9357667,4.8029828,9.4970121,7.5679183
172,19,4,CafeEccell,2.8468239599999996,6.3412843,10.625373979999999,9.6128378,6.16698691,40.2344205,25.305241,3.0660431,3.1954358,4.2413783,4.512929,4.4090481,6.8247232,6.2877831
173,57,3,MadCows,3.4458097199999997,6.0745478,10.30898921,10.171129,5.95557956,40.45491,29.756647,1.6874825,3.0663054,6.4395924,6.8889518,4.1164265,6.0925493,7.7657237
174,59,2,Christophers,2.9680959000000002,5.0783525,11.756195360000001,10.005158,5.9248399,31.093455,29.159344,3.0572138,3.4340611,4.0235882,6.2147274,4.3224511,8.1087322,8.2293711
175,85,2,WingsNmore,2.83103286,6.3445268,9.17109999,9.1401911,5.98579856,41.857593,29.827118,4.0013275,0.80605644,3.0952463,4.3529835,5.3134489,4.118691,6.4895234
176,52,1,WingsNmore,2.8818618,5.8983693,10.74224658,9.3876448,6.206927789999999,37.998075,26.696064,2.6567566,3.5185952,4.1487203,5.0735621,3.7241755,5.4057646,7.0182357
177,46,4,WingsNmore,2.83241472,5.942873,9.76174004,10.412086,6.588512629999999,41.718615,24.075533,2.9280355,3.7082882,4.7774239,4.6351557,5.7121243,3.1980462,7.2009034
178,39,2,WingsNmore,3.17873466,6.2990456,10.19631457,9.9847679,6.03200787,39.8158125,29.53779,2.4444611,3.8605828,4.9038758,4.9761801,5.1006069,8.1547899,0.66817278
179,26,2,MamasPizza,3.09651804,5.3576236,11.53220497,9.3296165,6.94636061,33.8357415,27.173351,1.7276322,2.7302454,3.5369902,5.6505508,4.4143887,5.5552945,7.6962028
180,16,3,MamasPizza,3.0580990800000003,6.0211201,9.94053502,10.556619,6.41192713,31.73301,28.545307,3.3613498,2.9361424,3.5692322,7.0702071,5.6637015,7.4427004,5.549612
181,39,4,CafeEccell,2.64350052,6.0339255,9.05743046,9.7501354,5.92146996,40.288101,26.577236,3.5406964,1.0470548,5.036777,5.6991119,5.5142379,7.1677961,7.0459208
182,49,1,WingsNmore,2.67755616,6.416399,9.47181027,9.7150974,6.22833015,37.529182500000005,27.341488,2.9890568,4.1569457,5.6939812,4.5878463,6.6440177,8.4459696,6.0275736
183,10,3,WingsNmore,3.28922766,6.2587996,11.047879960000001,9.6821661,5.98915975,38.790853500000004,27.381027,2.5667341,1.916528,4.4862928,4.9819193,4.1812177,8.7143879,8.2905884
184,60,0,WingsNmore,3.0627408000000003,5.9549794,9.95063056,9.6847696,5.998114569999999,36.5662335,31.233627,1.9207118,3.5055292,2.3909171,4.9742703,5.2613072,6.8807721,9.456707
185,35,5,WingsNmore,3.48008508,5.2871194,11.48204473,10.14108,6.46610664,36.445719000000004,27.015018,1.9255831,3.3318999,3.8687449,4.3007231,7.5459881,6.7787514,6.4166045
186,53,5,Christophers,3.0199914,6.4859285,10.799837880000002,10.169336,5.97283428,33.1457895,22.555387,4.2943029,3.671761,5.9601464,5.989325,6.6612716,5.792994,8.8379316
187,10,3,CafeEccell,3.02388954,5.9785872,10.97103618,9.8538437,6.52979096,41.3611875,30.708433,3.7054214,2.1435502,4.9770203,5.7597046,5.6986384,7.3066554,5.4513302
188,50,5,CafeEccell,2.89406808,5.8407755,9.71859031,10.619061,5.870755869999999,38.8175445,29.361979,2.7915657,1.3322412,5.5385871,5.031435,4.856482,6.1890249,8.7361727
189,49,5,WingsNmore,3.26414478,6.1400027,10.57340388,9.3759117,6.5525858999999995,42.3871365,26.40184,1.542524,3.8135045,3.97346,5.2288704,5.7787971,6.3632417,6.2850647
190,77,3,CafeEccell,2.9313998399999996,6.2869134,11.51605806,9.2596931,6.51609238,34.8339585,27.173412,1.8983948,2.7166862,4.2494593,5.2658935,3.9960089,7.4111676,7.6393089
191,46,0,WingsNmore,2.95214082,5.838974,10.35212854,11.309574,6.48034058,39.911943,25.927343,2.0515816,2.101804,5.7370591,4.1524782,4.6886687,3.7716913,5.4543319
192,10,4,Freebirds,3.00078966,6.5863695,9.84820265,10.213635,5.486511449999999,36.232884,26.899759,3.4800887,3.0028534,7.4581714,4.7828364,4.9283075,8.4867144,3.1901438
193,55,2,WingsNmore,3.0417655200000002,6.3001738,11.44640991,10.225433,5.667940109999999,37.050198,27.869373,3.1740353,1.9530077,5.0043955,6.2941318,5.9370875,7.9835753,7.4289522
194,10,3,MamasPizza,2.9556401400000003,6.2806458,10.70816383,9.5531492,6.119715489999999,37.7178435,23.709957,3.3669269,2.6351049,4.0772901,5.926825,5.2171812,4.5619555,11.002436
195,10,4,LosNortenos,3.11893218,5.7016435,10.688047240000001,9.0923996,6.65039991,36.286733999999996,23.561472,3.1846926,3.8200252,5.4083433,4.0523181,5.7356925,4.61376,9.2003927
196,23,2,LosNortenos,2.61568968,6.1663938,11.24638554,10.336735,6.461671229999999,42.093807,28.519276,3.7211714,3.2306106,4.3812213,4.8188586,5.550148,7.8418393,6.3063831
197,24,2,LosNortenos,3.1577782799999996,5.7227068,11.16100089,10.155251,6.01432391,41.056155000000004,28.4998,4.8787025999999996,2.8757515,4.5770917,4.2316942,5.9558663,8.1684351,5.9372349
198,38,2,WingsNmore,2.9982582,6.0572963,11.22072835,10.461386,6.85548738,34.416381,25.655975,2.1840208,1.9995263,5.6680226,2.6732497,5.7158003,8.2072277,8.8412275
199,42,2,LosNortenos,2.948721,5.672121,11.097280090000002,9.275528,6.408350270000001,37.2161775,29.152979,2.897368,1.6132618,7.2210169,3.92467,4.3197408,7.6778316,5.4053831
200,31,0,WingsNmore,2.8411193999999997,5.9900913,10.06146167,10.701533,6.43321063,35.7533565,25.046339,3.5397916,2.6867933,3.9315088,3.5210102,3.0896432,7.1513991,4.3680358
201,70,3,CafeEccell,3.33476598,5.9605074,10.26532741,10.292142,5.84829539,38.876967,31.671053,3.0735297,2.9600313,4.5417714,5.0481715,5.4801617,7.160006,2.6157086
202,29,4,LosNortenos,2.9872801799999995,5.525754,9.68089174,10.426347,6.05888367,40.5603615,30.43434,3.0417583,3.9390953,5.742414,4.3600945,5.3150682,7.7511401,8.8446894
203,53,3,WingsNmore,3.3319736399999997,6.1457787,10.623063100000001,10.660315,6.88243521,39.11517,29.152603,2.7646763,4.9977779,6.3359041,4.0726151,4.5976286,9.3103199,6.3331203
204,46,5,WingsNmore,3.04436244,5.8136239,10.06229731,9.35289,6.6079729799999996,33.735397500000005,26.525665,4.5242586,2.8962462,3.1572134,4.1459818,5.5686426000000004,5.500422,7.4925985
205,10,2,LosNortenos,3.29030226,4.9042916,9.715447430000001,10.410265,5.993639189999999,31.027185,26.493395,2.9619193,3.7885761,4.8691721,5.648468,5.3604488,6.2744646,7.6349554
206,10,3,Freebirds,3.18845532,6.1097746,10.547892939999999,9.4256811,6.6738149799999995,42.0706695,28.637074,3.058074,2.3567646,6.0355244,4.3032193,5.1976886,6.3332472,8.5798311
207,58,1,WingsNmore,3.03036258,5.8065166,10.36754329,8.8387947,6.579125209999999,35.28594,29.881611,4.7132335,1.7312305,4.8355126,5.88097,4.7993193,6.5169053,7.640429
208,47,4,CafeEccell,2.7660144,6.1259403,10.1514205,10.08985,6.35561941,39.0480045,28.545061,3.3022554,2.9623492,6.2860317,4.2152276,5.9789457,2.9896953,8.0891285
209,46,1,LosNortenos,3.10328094,6.3378119,10.89634091,10.245913,6.188344539999999,31.4300475,26.327934,1.8561141,1.9214219,6.3840332,5.2330227,3.6205888,5.2523413,8.2482328
210,41,1,CafeEccell,2.886456,5.9077606,10.38928956,10.037085,6.16674793,40.4385255,28.62476,3.4579017,2.4142761,6.4346347,6.2260799,6.1476045,6.9610748,6.0148692
211,57,1,MadCows,3.1220352,5.9854579,9.85802233,10.568685,6.163682489999999,37.9910775,29.083267,4.3085799,2.9887292,6.3450651,6.9278412,3.7959392,8.673789,6.5425706
212,76,1,LosNortenos,3.05892792,6.2814379,10.71985499,10.217668,6.3777301,34.873177500000004,28.889584,3.4612312,3.6495056,4.5336461,4.9588075,6.5265021,8.854496,9.1285219
213,35,4,CafeEccell,3.1907049,6.1955934,10.64129898,10.789311,5.81022981,40.5653565,28.712742,2.1271632,3.441354,3.5085795,5.3486199,6.5755081,7.580308,9.428587
214,64,2,WingsNmore,2.96964024,5.9741597,10.66052546,10.338503,6.5181599,37.206534,27.71726,1.6700144,3.2240362,5.3756351,4.1625295,5.7845678,10.770987,6.7827578
215,41,3,CafeEccell,2.9099839199999997,5.9379225,10.16981381,11.241236,6.26016664,37.432935,28.405666,4.8411222,3.5124609,5.8683677,3.4901567,2.9241567,7.4151478,7.8643451
216,42,0,LosNortenos,3.08904708,6.27811,10.80609504,10.130031,6.651634219999999,42.721624500000004,27.630836,3.0230954,3.1242647,4.4409838,5.9224491,4.8752799,5.9752808,4.9586
217,28,3,WingsNmore,2.8219459799999997,5.506434,10.173111,10.338542,6.1828230799999995,36.6081135,26.140614,2.0888786,4.013411,3.2199812,6.6977563,5.3798971,6.5901289,5.3903499
218,43,3,CafeEccell,2.7689466599999997,5.8057289,8.83384788,10.809979,6.121536609999999,40.426329,29.360842,2.8531556,0.94580573,3.6614494,8.1278658,5.2190056,9.5851431,6.0065088
219,21,2,LosNortenos,2.9299126799999997,5.3925209,10.88134073,9.5578728,6.2244315,42.3232035,24.369551,2.9788456,3.468745,5.7740893,3.3329756,6.0371542,4.4511008,4.3598914
220,41,3,MamasPizza,3.1374833399999997,6.0248575,10.88985313,9.8258171,6.30689402,31.739199,24.578667,3.6057696,3.0836625,4.476727,6.5892916,4.9890842,6.8609138,5.9802265
221,49,0,MadCows,2.9411149799999996,6.3689866,10.22970429,10.80988,6.71631996,40.3438455,27.070707,2.9971759,2.8019111,6.43643,6.8243685,7.3355484,7.8087997,7.3119564
222,22,3,LosNortenos,2.93620776,6.0882697,10.39339691,10.112897,6.4272012,34.518912,27.508247,1.8170259,2.2395768,3.5250852,3.0797551,3.396806,9.8158484,8.6144447
223,36,6,CafeEccell,2.7562262399999997,5.5811872,10.632314290000002,10.370789,6.35793389,37.45293,29.055418,3.1999671,4.4038429,6.5807185,7.5179024,3.8766148,3.6140714,2.0856938
224,52,5,WingsNmore,2.8483557599999996,5.7051458,9.186669049999999,10.603939,6.780794019999999,44.173227,24.701283,4.035501,2.7486968,5.1989055,4.4873004,8.1544638,6.8495502,7.1875081
225,65,3,LosNortenos,2.99729664,6.4549775,10.798537360000001,9.3545618,5.429297859999999,42.178740000000005,25.93605,2.8167481,3.7199953,4.7078419,4.1381021,3.9989898,7.0042419,8.1627569
226,74,3,MadCows,2.84053632,5.7647653,10.10916634,9.5320091,6.32453192,40.529714999999996,28.319477,3.1769834,4.8435206,7.1138592,6.5795512,7.0570664,7.3034453,8.3822575
227,45,2,LosNortenos,3.30465144,6.0493813,10.89056592,9.3843517,6.17312591,36.28644,28.21723,2.1256039,4.0838523,2.9081793,5.5343919,4.0451531,7.7925425,9.9677248
228,19,0,LosNortenos,3.1459110000000003,6.50422,9.71834539,10.231655,6.142143909999999,40.6223595,25.193153,3.1748745,3.1348348,4.455523,5.7090034,5.672339,8.7863064,8.7047186
229,18,0,Christophers,2.76401196,6.2310805,10.07565338,9.5676432,6.402613839999999,38.2618395,25.086506,3.3828142,2.9235528,4.0650191,5.0872202,5.9424729,3.5099804,7.8246102
230,10,3,LosNortenos,3.1454796000000003,6.4431973,10.17557931,8.9711905,6.854748320000001,38.3202555,28.953184,3.1932678,2.1661611,5.4295082,4.5046654,6.2414932,8.5039272,8.3022881
231,45,3,WingsNmore,2.98492986,5.9753556,10.06212181,9.8313723,6.515001569999999,36.00069,26.448238,5.0357814,3.0250273,4.9561849,6.4339209,4.9576216,9.1000624,5.7854123
232,72,5,Christophers,3.1920638999999995,6.0710306,9.91809143,8.8699989,5.8712785599999995,38.349618,25.936203,3.0004053,3.9946213,4.1809373,7.1294093,4.5021477,8.6978016,4.6971941
233,63,4,WingsNmore,3.1770094799999997,5.3036551,10.760271600000001,9.7056456,6.656249809999999,39.106147500000006,22.130283,3.9307423,1.4346029,5.0173683,3.6317444,5.2186856,5.1240873,9.0209751
234,59,2,MadCows,2.98527234,6.5877137,9.92292899,8.8499613,6.096625499999999,39.732661500000006,26.024828,3.6069078,3.7234464,4.1633959,7.4807372,5.5157909,4.1690555,4.2370048
235,79,5,Christophers,2.87343978,5.8397923,10.254391940000001,10.585024,6.25439017,34.9639605,25.834747,3.2161825,2.5259528,2.4249034,7.4437757,4.3962369,4.7832866,7.6114712
236,32,4,MadCows,2.7498078599999998,6.0658846,10.63386155,10.591553,6.59571241,35.3706975,25.142565,3.4036379,3.5495689,5.4843149,6.2086344,5.1973772,6.7850032,4.3571258
237,10,5,WingsNmore,3.06977118,5.5307856,10.82125135,9.2032204,6.37464926,41.204679,28.046446,4.2388587,5.3293796,4.3833141,6.0018749,2.7793829,8.2400894,7.1205029
238,31,1,MamasPizza,3.1688884799999997,5.8436375,10.08108426,10.045269,6.14923484,37.1986455,28.252716,2.9376397,3.3387425,5.1733208,5.8546643,5.090024,7.349627,7.6125846
239,56,1,LosNortenos,2.88602574,6.173007,10.16051426,10.316811,6.40688293,33.9609945,24.114563,2.9217479,3.5853493,8.1385221,5.2063885,6.1905556,7.9411721,6.0708132
240,33,0,MadCows,3.23219688,6.2189403,11.20105805,10.287283,6.185715689999999,35.427138,23.988119,2.5297337,2.1584592,4.6883998,7.6020398,2.5873148,6.5571723,5.5079608
241,71,4,CafeEccell,3.2792395799999996,6.5641212,10.639262010000001,9.4305048,5.833117499999999,35.069361,24.47094,2.3345995,3.6769798,6.2305293,4.1422114,5.0594339,9.2086039,6.0668716
242,45,7,WingsNmore,2.95566156,6.2159705,10.65651964,10.227412,6.342148469999999,39.633756,22.5259,3.8129683,3.1765606,4.4657674,5.6460757,3.0335481,7.0650182,9.7657919
243,10,4,CafeEccell,3.09779322,6.0707111,10.37352394,10.292415,5.866988749999999,32.7492135,27.671982,3.6881058,2.4216316,2.7212844,4.5142536,4.6553373,7.4474835,4.7472014
244,57,1,CafeEccell,3.10096038,6.375103,10.080505890000001,9.7501068,6.38573362,37.0425075,28.507849,1.6337771,5.4413381,6.3488688,4.968133,4.4773879,8.5256205,8.4982414
245,39,3,CafeEccell,2.9893463999999996,5.8011365,9.43777588,9.7749634,5.68555337,39.1984035,27.557106,2.3424389,3.1755269,4.4831247,4.3222394,6.8504944,9.3221836,6.3864517
246,24,5,CafeEccell,3.27021186,6.2377753,10.98841159,9.5971212,6.11185953,38.942205,31.864882,3.4572601,2.4451556,5.9417944,5.4201493,5.5325985,7.1485395,4.0455794
247,33,1,LosNortenos,3.16861698,5.958744,9.880052000000001,9.9642515,6.322977849999999,32.356839,26.132042,2.6483283,3.3764482,6.526546,5.744369,3.8924265,10.206326,9.0721531
248,48,2,CafeEccell,3.19984218,6.1320429,9.94299293,9.8370628,6.32521687,40.5725985,27.999157,3.5571873,3.1628168,4.1901259,6.678854,7.3364077,6.165585,9.109725
249,40,2,MadCows,2.90254128,5.9813552,10.641833280000002,10.550402,6.46785433,38.235996,28.423248,1.864446,4.1149044,4.5227427,5.7164392,6.145823,5.5256453,6.1515694
250,12,2,Freebirds,2.9986135199999997,5.9874449,10.81700009,9.2013655,6.621570129999999,34.786531499999995,24.863358,2.2867563,2.5122023000000002,4.5411429,5.8944244,4.4391575,11.366701,5.1893125
251,10,2,LosNortenos,2.95579176,5.965704,11.07367482,10.459257,7.0564319,36.908094,28.377476,4.0930576,4.3563023,5.7076468,0.74685383,6.7850294,6.3346796,6.7434769
252,47,0,WingsNmore,3.1761265799999996,5.8124423,11.1337382,10.73059,6.19214106,34.976724000000004,25.582134,1.3496089,0.22723748,5.7212129,4.2688613,4.7676477,7.3789506,9.788373
253,46,1,LosNortenos,2.6255616,5.2638879,10.29621268,9.929719,5.873202509999999,35.3713965,26.917883,3.4585154,5.9541664,4.1116009,5.0218296,5.4520664,12.664524,9.1355743
254,54,0,LosNortenos,3.14678706,6.2294559,10.300413110000001,10.170477,6.30892612,32.643890999999996,31.240499,2.2758558,2.6518157,5.3228378,1.4909595,3.3637772,8.3311596,8.4663467
255,13,4,CafeEccell,2.94009702,5.9611111,10.76344789,9.3600988,6.114495099999999,37.5400035,28.065781,2.1672919,3.8339887,4.4832573,3.6071329,2.9478049,6.8452749,8.9919481
256,31,3,Christophers,3.0447321,5.5841827,10.43183869,9.3996906,6.47690925,35.1394335,25.576162,3.1727316,5.8594685,4.9203095,6.3887186,5.174336,5.479928,6.3688879
257,12,3,CafeEccell,2.7484084799999997,6.2826867,9.81885905,9.438879,6.00188771,45.392733,29.783661,3.9737861,3.1750479,4.1066771,4.2233233,4.8963451,7.0782919,5.5995908
258,44,1,LosNortenos,3.0112166400000002,6.6200175,10.94536287,9.5951471,5.80091582,37.262661,28.988142,4.36796,1.6688325,5.7824388,7.7296314,7.634088,4.5094967,8.9750395
259,10,4,LosNortenos,2.7668500799999998,5.5999551,10.64791312,10.600771,6.1678855,35.9135805,27.255766,3.3959072,3.6673553,4.2408533,3.880583,4.347641,7.1573467,4.7140017
260,44,3,WingsNmore,2.93468112,5.9694958,11.25013214,10.148154,6.07267773,40.097757,28.434086,2.3778641,4.4484005,7.2947354,7.474463,7.3366652,2.2200897,6.2351327
261,25,3,LosNortenos,2.97576768,5.8520508,10.24729797,10.368578,6.55486097,37.525569000000004,27.531479,2.9365299,2.6688199,6.339076,3.8885825,6.8241687,5.6967001,9.7229748
262,25,4,CafeEccell,2.9261493,6.2667055,9.64942121,9.8028755,6.0292862,34.580305499999994,28.596193,4.6700058,3.2351439,6.037056,5.7042665,5.029973,8.6347179,6.5872426
263,52,1,Christophers,2.7211152000000003,5.5624557,11.00895601,9.7151775,6.15437718,42.091542000000004,28.932074,3.9932237,4.112289,5.2778106,5.3736935,5.4070234,2.8288722,7.318387
264,62,1,CafeEccell,3.0282600599999996,6.0658164,10.514624770000001,9.6914654,6.4015283499999995,34.733205,28.469479,2.0738053,4.8990335,3.8843532,7.2478557,5.1731634,6.2909074,3.5397012
265,78,3,Christophers,2.4951753599999997,5.6405764,9.83258406,9.9637661,6.2971227899999995,42.343764,26.493891,1.8326867,2.7543807,5.4596233,5.5035758,4.9873805,6.2877507,6.5783701
266,60,4,CafeEccell,3.1768533,6.0550861,11.15031034,9.9642859,6.25697835,41.519835,27.150375,3.6236074,2.5200539,4.8731427,6.5019889,4.6312833,2.4494302,6.7521348
267,45,2,WingsNmore,3.04593342,5.6765981,9.69520305,9.8694334,5.87177192,39.3824415,28.355719,2.9382579,3.9446657,6.5104928,5.1418319,5.7248445,6.8728647,11.330759
268,44,3,Freebirds,3.3066853800000002,5.9899802,11.06349751,9.5549955,5.64647706,35.4723495,25.579187,3.7228863,2.7691896,6.1709819,6.1475258,3.9429293,9.4504976,5.8217893
269,29,5,WingsNmore,2.9749448999999997,5.439919,10.0677486,10.795098,6.5751517999999995,36.51024,29.802067,3.2982202,3.8499904,5.0270524,4.9938655,5.0710096,7.8456821,6.9613419
270,42,3,LosNortenos,3.1483783799999996,5.2436004,10.50963472,9.3390713,6.54967929,36.200331,25.074078,3.6951513,1.7720317,6.0004001,4.7278905,4.6762724,4.5399823,9.0411863
271,76,1,MadCows,3.2222454000000003,5.8866158,11.10098951,10.45495,6.002808279999999,36.6838215,28.073063,4.2738371,2.8945661,4.0317655,5.14815,4.3437409,8.3796654,7.8607945
272,51,4,CafeEccell,2.87718084,6.0773907,9.36159601,10.16081,6.432066409999999,37.9042395,24.939585,4.6288524,5.2193542,5.6141911,4.5862713,3.819742,8.6081991,7.4906163
273,37,2,Freebirds,2.72830866,5.2423406,10.464328290000001,10.319495,6.173604569999999,43.722198,28.283134,2.2192585,2.0907953,5.9505382000000004,4.6560187,3.5185561,9.4252758,4.2051268
274,10,4,CafeEccell,3.16439808,5.9930696,10.49932351,10.275873,6.18731519,39.249615,26.79077,2.9052193,3.2272596,4.7541571,8.1927004,6.1778083,6.5194488,3.7529738
275,58,3,Christophers,3.0621669000000002,6.1274981,9.865541010000001,10.390545,5.545806839999999,34.480434,25.657202,1.582237,3.3751218,4.8712082,1.5651886,5.2441049,7.0361648,8.5493603
276,10,2,CafeEccell,3.0936756,6.4141674,10.513320479999999,10.182351,6.663556409999999,42.134883,27.696226,3.8176119,2.255018,3.0386033,6.288691,4.1693053,6.006299,5.6358314
277,79,2,CafeEccell,3.17838594,5.6404953,10.421102249999999,9.520484,5.96337749,37.8041895,27.330814,2.6110926,2.7189357,5.6619239,5.2472444,3.9643075,3.6877773,10.102802
278,42,2,LosNortenos,3.0255872999999998,5.8935738,9.968134930000002,10.060554,5.981678289999999,38.673282,25.884153,4.0866494,1.3051548,3.7765317,5.8921199,7.1084323,10.209194,8.7294998
279,76,4,CafeEccell,3.0884634,5.3174706,9.22999805,9.8233318,6.1231121,40.216644,26.846174,3.2094762,2.7372615,4.8976793,3.6130991,3.4701657,3.9254324,3.6269484
280,38,3,WingsNmore,2.99362392,6.3124609,10.37938317,9.7448559,6.76808412,36.482199,26.226603,3.8193038,2.6898897,4.0399671,6.4171305,5.2803102,7.934073,5.8825626
281,49,3,CafeEccell,2.6623231799999996,6.2468758,9.84666722,9.766222,5.80167147,33.57336,27.384634,1.9800966,3.2121708,2.4900627,3.9705029,5.9646015,9.7134018,4.2056785
282,39,4,WingsNmore,3.18137658,6.1308441,9.35838436,10.035022,6.27976853,33.455277,26.865034,5.0307302,2.0570631,6.1686811,5.9700189,2.5398545,7.6841559,5.375751
283,65,0,CafeEccell,3.03416346,6.147511,9.78406962,10.109151,5.87010032,42.3629745,26.655701,3.2893896,4.4095907,4.4659543,5.7447414,5.8378429,8.3863363,5.1539788
284,10,3,CafeEccell,2.9159574599999996,6.4481282,10.51494587,9.7738829,6.5107718199999995,41.087145,29.513411,2.3242996,1.7063922,2.281909,6.3279452,4.6053343,9.7976036,7.5022459
285,44,1,CafeEccell,2.6435285399999997,5.646492,11.7521326,9.9751501,6.47583048,41.473074,27.447733,3.3085141,3.381371,5.2798905,6.2406244,5.4105649,7.7343612,6.6362214
286,10,1,MadCows,2.83674516,5.3975492,9.90716402,10.132464,5.57146527,31.5338115,26.524042,3.0353298,3.2502868,4.4340258,4.5946665,5.1729674,5.0488825,8.9119329
287,10,2,Christophers,3.16867362,5.6350641,10.308381070000001,9.943491,6.257687939999999,39.028221,27.141079,2.7884641,3.4710927,3.5593951,5.8597808,4.4489703,5.1632705,6.2266216
288,44,4,WingsNmore,3.0685833000000002,6.0031099,10.16635672,10.085591,6.744847269999999,36.075297000000006,24.978104,4.297616,1.9766811,5.7015705,7.7253804,5.7927265,10.103249,5.6337376
289,23,5,MamasPizza,3.1694426399999998,6.0809789,11.64713472,10.296661,6.77599153,32.299049999999994,26.254257,3.0495143,1.8853182,6.4159031,5.4551597,6.1284904,7.8196502,6.0295386
290,24,2,WingsNmore,2.98342836,6.5157332,9.73150373,9.6875076,6.68327849,34.160337,24.679815,1.7316494,3.8288412,5.8571887,5.5426455,6.103353,7.0543399,8.783658
291,40,0,LosNortenos,3.2606474999999997,6.1370769,10.961501069999999,9.29492,5.782878709999999,39.8105685,28.714314,2.0156558,4.2928419,7.8540101,4.2092352,4.2181129,7.6693187,10.623091
292,44,1,WingsNmore,3.07170468,5.3117442,10.534168580000001,10.218131,6.188484749999999,30.720840000000003,27.0515,1.8212386,3.9851155,3.6138954,5.8462877,5.3559766,7.4213748,5.7884722
293,81,3,CafeEccell,3.22279128,5.7499466,10.49309859,9.710392,6.48643548,39.108996,25.636717,1.9802465,3.5962682,4.584815,4.2413025,3.3579812000000002,9.141263,6.5394149
294,84,4,LosNortenos,2.72433756,6.087954,9.891075480000001,9.4509153,6.52045898,34.6740015,24.96274,4.4578729,2.4144166,6.4956541,4.7123404,7.2453966,6.5960712,8.414916
295,17,5,LosNortenos,2.9406369,5.2264152,10.28808599,9.7510014,6.2139092399999996,30.7560255,28.567844,3.1696215,3.2233672,4.2930098,3.2521219,6.372323,6.8206091,6.8653736
296,21,5,LosNortenos,3.11097936,5.9331942,9.92812431,9.7515297,6.12754275,36.5306745,28.356215,3.5603516,3.2786107,4.2800903,6.1553149,5.6305079,5.4301724,8.7020693
297,10,3,WingsNmore,2.9736906,5.9514441,9.41484063,10.244328,6.40778152,41.805882000000004,25.246618,5.6157598,4.1065917,5.7595048,7.4715109,5.818614,10.743967,7.468904
298,30,3,CafeEccell,3.01335666,7.0156245,11.01822332,9.3102217,6.4776522299999995,39.0423435,28.763391,2.7289612,3.3741903,6.4722042,5.7495489,3.7391617,6.9962626,3.5511241
299,85,3,CafeEccell,2.96124372,6.1181273,11.44440024,10.383172,6.08314455,42.344753999999995,30.860838,2.165242,2.9471686,4.2923131,5.6172252,5.5514269,5.9783258,9.6223745
300,58,5,CafeEccell,2.8484321400000003,5.7462664,10.54514682,9.3375187,5.73798316,36.479508,27.956179,3.5668535,2.0740798,4.9849305,4.8852396,3.9817255,7.7692876,3.9020545
